{
  "index.html": 1688456226398,
  "controller/Main.controller.js": 1688456226410,
  "model/models.js": 1688456226402,
  "manifest.json": 1688456445336,
  "controller/App.controller.js": 1688456226406,
  "Component.js": 1688456226394,
  "Component-preload.js": 1688456445657,
  "Component-dbg.js": 1688456226394,
  "controller/Main-dbg.controller.js": 1688456226410,
  "controller/App-dbg.controller.js": 1688456226406,
  "model/models-dbg.js": 1688456226402,
  "view/Main.view.xml": 1688456391971,
  "view/App.view.xml": 1688456226410,
  "css/style.css": 1688456226410,
  "i18n/i18n.properties": 1688456243510
}